Geography,Age_Group2,Population_Size2
60601,Population - Total,14513
60602,Population - Total,1596
60603,Population - Total,1186
60604,Population - Total,729
60605,Population - Total,30950
60606,Population - Total,3204
60607,Population - Total,30306
60608,Population - Total,80011
60609,Population - Total,60551
60610,Population - Total,40954
60611,Population - Total,33937
60612,Population - Total,32240
60613,Population - Total,51399
60614,Population - Total,72391
60615,Population - Total,41198
60616,Population - Total,52557
60617,Population - Total,82101
60618,Population - Total,94646
60619,Population - Total,61372
60620,Population - Total,68761
60621,Population - Total,26736
60622,Population - Total,52957
60623,Population - Total,77732
60624,Population - Total,35054
60625,Population - Total,78820
60632,Population - Total,86715
60633,Population - Total,12720
60634,Population - Total,75604
60636,Population - Total,30039
60637,Population - Total,46621
60638,Population - Total,57057
60639,Population - Total,88515
60640,Population - Total,69726
60641,Population - Total,70163
60642,Population - Total,20191
60643,Population - Total,48572
60644,Population - Total,45919
60645,Population - Total,46924
60646,Population - Total,29043
60647,Population - Total,85658
60649,Population - Total,47084
60651,Population - Total,63679
60652,Population - Total,42296
60653,Population - Total,33574
60654,Population - Total,20812
60655,Population - Total,27771
60656,Population - Total,28982
60657,Population - Total,70489
60659,Population - Total,43843
60660,Population - Total,45131
60661,Population - Total,10734
60666,Population - Total,0
60707,Population - Total,42434
60827,Population - Total,28327
60601,Population - Age 0-17,825
60602,Population - Age 0-17,115
60603,Population - Age 0-17,15
60604,Population - Age 0-17,5
60605,Population - Age 0-17,2608
60606,Population - Age 0-17,96
60607,Population - Age 0-17,3362
60608,Population - Age 0-17,14068
60609,Population - Age 0-17,15379
60610,Population - Age 0-17,3385
60611,Population - Age 0-17,2127
60612,Population - Age 0-17,6760
60613,Population - Age 0-17,6285
60614,Population - Age 0-17,10603
60615,Population - Age 0-17,6110
60616,Population - Age 0-17,7134
60617,Population - Age 0-17,20843
60618,Population - Age 0-17,20813
60619,Population - Age 0-17,12667
60620,Population - Age 0-17,16203
60621,Population - Age 0-17,7157
60622,Population - Age 0-17,7103
60623,Population - Age 0-17,20657
60624,Population - Age 0-17,9336
60625,Population - Age 0-17,15832
60632,Population - Age 0-17,23661
60633,Population - Age 0-17,2785
60634,Population - Age 0-17,15430
60636,Population - Age 0-17,6809
60637,Population - Age 0-17,10666
60638,Population - Age 0-17,13803
60639,Population - Age 0-17,23270
60640,Population - Age 0-17,9088
60641,Population - Age 0-17,15784
60642,Population - Age 0-17,1810
60643,Population - Age 0-17,11319
60644,Population - Age 0-17,11798
60645,Population - Age 0-17,12164
60646,Population - Age 0-17,6708
60647,Population - Age 0-17,15040
60649,Population - Age 0-17,10038
60651,Population - Age 0-17,16789
60652,Population - Age 0-17,10768
60653,Population - Age 0-17,8697
60654,Population - Age 0-17,1228
60655,Population - Age 0-17,6878
60656,Population - Age 0-17,5445
60657,Population - Age 0-17,8776
60659,Population - Age 0-17,11916
60660,Population - Age 0-17,5779
60661,Population - Age 0-17,884
60666,Population - Age 0-17,0
60707,Population - Age 0-17,8937
60827,Population - Age 0-17,8579
60601,Population - Age 18+,13688
60602,Population - Age 18+,1481
60603,Population - Age 18+,1171
60604,Population - Age 18+,724
60605,Population - Age 18+,28342
60606,Population - Age 18+,3108
60607,Population - Age 18+,26944
60608,Population - Age 18+,65943
60609,Population - Age 18+,45172
60610,Population - Age 18+,37569
60611,Population - Age 18+,31810
60612,Population - Age 18+,25480
60613,Population - Age 18+,45114
60614,Population - Age 18+,61788
60615,Population - Age 18+,35088
60616,Population - Age 18+,45423
60617,Population - Age 18+,61258
60618,Population - Age 18+,73833
60619,Population - Age 18+,48705
60620,Population - Age 18+,52558
60621,Population - Age 18+,19579
60622,Population - Age 18+,45854
60623,Population - Age 18+,57075
60624,Population - Age 18+,25718
60625,Population - Age 18+,62988
60632,Population - Age 18+,63054
60633,Population - Age 18+,9935
60634,Population - Age 18+,60174
60636,Population - Age 18+,23230
60637,Population - Age 18+,35955
60638,Population - Age 18+,43254
60639,Population - Age 18+,65245
60640,Population - Age 18+,60638
60641,Population - Age 18+,54379
60642,Population - Age 18+,18381
60643,Population - Age 18+,37253
60644,Population - Age 18+,34121
60645,Population - Age 18+,34760
60646,Population - Age 18+,22335
60647,Population - Age 18+,70618
60649,Population - Age 18+,37046
60651,Population - Age 18+,46890
60652,Population - Age 18+,31528
60653,Population - Age 18+,24877
60654,Population - Age 18+,19584
60655,Population - Age 18+,20893
60656,Population - Age 18+,23537
60657,Population - Age 18+,61713
60659,Population - Age 18+,31927
60660,Population - Age 18+,39352
60661,Population - Age 18+,9850
60666,Population - Age 18+,0
60707,Population - Age 18+,33497
60827,Population - Age 18+,19748
60601,Population - Age 65+,2605
60602,Population - Age 65+,4
60603,Population - Age 65+,198
60604,Population - Age 65+,65
60605,Population - Age 65+,3154
60606,Population - Age 65+,301
60607,Population - Age 65+,1609
60608,Population - Age 65+,8420
60609,Population - Age 65+,7675
60610,Population - Age 65+,6136
60611,Population - Age 65+,7036
60612,Population - Age 65+,3448
60613,Population - Age 65+,4670
60614,Population - Age 65+,6427
60615,Population - Age 65+,6131
60616,Population - Age 65+,8787
60617,Population - Age 65+,13343
60618,Population - Age 65+,8360
60619,Population - Age 65+,11362
60620,Population - Age 65+,12360
60621,Population - Age 65+,4145
60622,Population - Age 65+,3572
60623,Population - Age 65+,9465
60624,Population - Age 65+,4204
60625,Population - Age 65+,7303
60632,Population - Age 65+,9356
60633,Population - Age 65+,1945
60634,Population - Age 65+,11221
60636,Population - Age 65+,6067
60637,Population - Age 65+,5751
60638,Population - Age 65+,7700
60639,Population - Age 65+,10149
60640,Population - Age 65+,8860
60641,Population - Age 65+,7836
60642,Population - Age 65+,1074
60643,Population - Age 65+,8783
60644,Population - Age 65+,6983
60645,Population - Age 65+,6366
60646,Population - Age 65+,5322
60647,Population - Age 65+,6254
60649,Population - Age 65+,7304
60651,Population - Age 65+,7801
60652,Population - Age 65+,5100
60653,Population - Age 65+,4978
60654,Population - Age 65+,1460
60655,Population - Age 65+,3847
60656,Population - Age 65+,5233
60657,Population - Age 65+,5949
60659,Population - Age 65+,4945
60660,Population - Age 65+,5842
60661,Population - Age 65+,298
60666,Population - Age 65+,0
60707,Population - Age 65+,6507
60827,Population - Age 65+,3023
60601,Age18-64,11083
60602,Age18-64,1477
60603,Age18-64,973
60604,Age18-64,659
60605,Age18-64,25188
60606,Age18-64,2807
60607,Age18-64,25335
60608,Age18-64,57523
60609,Age18-64,37497
60610,Age18-64,31433
60611,Age18-64,24774
60612,Age18-64,22032
60613,Age18-64,40444
60614,Age18-64,55361
60615,Age18-64,28957
60616,Age18-64,36636
60617,Age18-64,47915
60618,Age18-64,65473
60619,Age18-64,37343
60620,Age18-64,40198
60621,Age18-64,15434
60622,Age18-64,42282
60623,Age18-64,47610
60624,Age18-64,21514
60625,Age18-64,55685
60632,Age18-64,53698
60633,Age18-64,7990
60634,Age18-64,48953
60636,Age18-64,17163
60637,Age18-64,30204
60638,Age18-64,35554
60639,Age18-64,55096
60640,Age18-64,51778
60641,Age18-64,46543
60642,Age18-64,17307
60643,Age18-64,28470
60644,Age18-64,27138
60645,Age18-64,28394
60646,Age18-64,17013
60647,Age18-64,64364
60649,Age18-64,29742
60651,Age18-64,39089
60652,Age18-64,26428
60653,Age18-64,19899
60654,Age18-64,18124
60655,Age18-64,17046
60656,Age18-64,18304
60657,Age18-64,55764
60659,Age18-64,26982
60660,Age18-64,33510
60661,Age18-64,9552
60666,Age18-64,0
60707,Age18-64,26990
60827,Age18-64,16725
